{
  "lr": 0.24977061397691114,
  "xgb": 0.2501748690572474,
  "nn": 0.24985973849014742,
  "hgb": 0.2501947784756941
}