{
  "lr": 0.24834232976331808,
  "xgb": 0.25106329076155026,
  "nn": 0.25013438137130295,
  "hgb": 0.2504599981038286
}