{
  "lr": 0.24836795336972536,
  "xgb": 0.25108919511282185,
  "nn": 0.2500570113092263,
  "hgb": 0.25048584020822656
}