{
  "lr": 0.2494673921278494,
  "xgb": 0.24984632654102518,
  "nn": 0.2506728451468162,
  "hgb": 0.2500134361843092
}