{
  "lr": 0.24974946291772826,
  "xgb": 0.2501536837649616,
  "nn": 0.24992326181986999,
  "hgb": 0.25017359149744023
}