{
  "lr": 0.3053435114503817,
  "xgb": 0.2697201017811705,
  "nn": 0.2340966921119593,
  "hgb": 0.19083969465648853
}